<?xml version="1.0" encoding="UTF-8"?>
<project-private xmlns="http://www.netbeans.org/ns/project-private/1">
    <editor-bookmarks xmlns="http://www.netbeans.org/ns/editor-bookmarks/2" lastBookmarkId="0"/>
    <open-files xmlns="http://www.netbeans.org/ns/projectui-open-files/2">
        <group>
            <file>file:/home/gbiz0/DEV/ifsp-resources/LP/Avaliacao2_Gustavo_Bizo/src/br/com/avaliacao2_gustavo_bizo/view/PrincipalVIEW.java</file>
            <file>file:/home/gbiz0/DEV/ifsp-resources/LP/Avaliacao2_Gustavo_Bizo/src/br/com/avaliacao2_gustavo_bizo/ctr/ApostaCTR.java</file>
            <file>file:/home/gbiz0/DEV/ifsp-resources/LP/Avaliacao2_Gustavo_Bizo/src/br/com/avaliacao2_gustavo_bizo/dao/ApostaDAO.java</file>
            <file>file:/home/gbiz0/DEV/ifsp-resources/LP/Avaliacao2_Gustavo_Bizo/src/br/com/avaliacao2_gustavo_bizo/view/ApostaVIEW.java</file>
        </group>
    </open-files>
</project-private>
